PRAGMA foreign_keys=OFF;
BEGIN TRANSACTION;
CREATE TABLE IF NOT EXISTS "django_migrations" ("id" integer NOT NULL PRIMARY KEY AUTOINCREMENT, "app" varchar(255) NOT NULL, "name" varchar(255) NOT NULL, "applied" datetime NOT NULL);
INSERT INTO django_migrations VALUES(1,'contenttypes','0001_initial','2023-03-05 19:10:38.666923');
INSERT INTO django_migrations VALUES(2,'auth','0001_initial','2023-03-05 19:10:38.672800');
INSERT INTO django_migrations VALUES(3,'admin','0001_initial','2023-03-05 19:10:38.675993');
INSERT INTO django_migrations VALUES(4,'admin','0002_logentry_remove_auto_add','2023-03-05 19:10:38.680601');
INSERT INTO django_migrations VALUES(5,'admin','0003_logentry_add_action_flag_choices','2023-03-05 19:10:38.683522');
INSERT INTO django_migrations VALUES(6,'contenttypes','0002_remove_content_type_name','2023-03-05 19:10:38.690955');
INSERT INTO django_migrations VALUES(7,'auth','0002_alter_permission_name_max_length','2023-03-05 19:10:38.694937');
INSERT INTO django_migrations VALUES(8,'auth','0003_alter_user_email_max_length','2023-03-05 19:10:38.699258');
INSERT INTO django_migrations VALUES(9,'auth','0004_alter_user_username_opts','2023-03-05 19:10:38.701941');
INSERT INTO django_migrations VALUES(10,'auth','0005_alter_user_last_login_null','2023-03-05 19:10:38.706043');
INSERT INTO django_migrations VALUES(11,'auth','0006_require_contenttypes_0002','2023-03-05 19:10:38.706756');
INSERT INTO django_migrations VALUES(12,'auth','0007_alter_validators_add_error_messages','2023-03-05 19:10:38.709496');
INSERT INTO django_migrations VALUES(13,'auth','0008_alter_user_username_max_length','2023-03-05 19:10:38.713602');
INSERT INTO django_migrations VALUES(14,'auth','0009_alter_user_last_name_max_length','2023-03-05 19:10:38.717385');
INSERT INTO django_migrations VALUES(15,'auth','0010_alter_group_name_max_length','2023-03-05 19:10:38.722361');
INSERT INTO django_migrations VALUES(16,'auth','0011_update_proxy_permissions','2023-03-05 19:10:38.725030');
INSERT INTO django_migrations VALUES(17,'auth','0012_alter_user_first_name_max_length','2023-03-05 19:10:38.728953');
INSERT INTO django_migrations VALUES(18,'sessions','0001_initial','2023-03-05 19:10:38.730783');
INSERT INTO django_migrations VALUES(19,'webscraper','0001_initial','2023-03-05 19:10:38.732027');
INSERT INTO django_migrations VALUES(20,'webscraper','0002_rename_news_events','2023-03-05 19:10:38.736399');
INSERT INTO django_migrations VALUES(21,'webscraper','0003_remove_events_created_at_remove_events_updated_at','2023-03-05 22:39:04.134392');
INSERT INTO django_migrations VALUES(22,'webscraper','0004_alter_events_link','2023-03-05 22:48:56.615102');
INSERT INTO django_migrations VALUES(23,'webscraper','0005_rename_name_events_eventname_remove_events_end_time_and_more','2023-03-06 01:59:26.655142');
INSERT INTO django_migrations VALUES(24,'webscraper','0006_alter_events_eventname','2023-03-06 03:34:48.960617');
INSERT INTO django_migrations VALUES(25,'webscraper','0007_rename_placeid_events_coordinates','2023-08-10 19:01:43.451713');
INSERT INTO django_migrations VALUES(26,'dashboard','0001_initial','2023-08-11 20:45:03.786749');
CREATE TABLE IF NOT EXISTS "auth_group_permissions" ("id" integer NOT NULL PRIMARY KEY AUTOINCREMENT, "group_id" integer NOT NULL REFERENCES "auth_group" ("id") DEFERRABLE INITIALLY DEFERRED, "permission_id" integer NOT NULL REFERENCES "auth_permission" ("id") DEFERRABLE INITIALLY DEFERRED);
CREATE TABLE IF NOT EXISTS "auth_user_groups" ("id" integer NOT NULL PRIMARY KEY AUTOINCREMENT, "user_id" integer NOT NULL REFERENCES "auth_user" ("id") DEFERRABLE INITIALLY DEFERRED, "group_id" integer NOT NULL REFERENCES "auth_group" ("id") DEFERRABLE INITIALLY DEFERRED);
CREATE TABLE IF NOT EXISTS "auth_user_user_permissions" ("id" integer NOT NULL PRIMARY KEY AUTOINCREMENT, "user_id" integer NOT NULL REFERENCES "auth_user" ("id") DEFERRABLE INITIALLY DEFERRED, "permission_id" integer NOT NULL REFERENCES "auth_permission" ("id") DEFERRABLE INITIALLY DEFERRED);
CREATE TABLE IF NOT EXISTS "django_admin_log" ("id" integer NOT NULL PRIMARY KEY AUTOINCREMENT, "object_id" text NULL, "object_repr" varchar(200) NOT NULL, "action_flag" smallint unsigned NOT NULL CHECK ("action_flag" >= 0), "change_message" text NOT NULL, "content_type_id" integer NULL REFERENCES "django_content_type" ("id") DEFERRABLE INITIALLY DEFERRED, "user_id" integer NOT NULL REFERENCES "auth_user" ("id") DEFERRABLE INITIALLY DEFERRED, "action_time" datetime NOT NULL);
CREATE TABLE IF NOT EXISTS "django_content_type" ("id" integer NOT NULL PRIMARY KEY AUTOINCREMENT, "app_label" varchar(100) NOT NULL, "model" varchar(100) NOT NULL);
INSERT INTO django_content_type VALUES(1,'admin','logentry');
INSERT INTO django_content_type VALUES(2,'auth','permission');
INSERT INTO django_content_type VALUES(3,'auth','group');
INSERT INTO django_content_type VALUES(4,'auth','user');
INSERT INTO django_content_type VALUES(5,'contenttypes','contenttype');
INSERT INTO django_content_type VALUES(6,'sessions','session');
INSERT INTO django_content_type VALUES(7,'webscraper','events');
INSERT INTO django_content_type VALUES(8,'dashboard','events');
CREATE TABLE IF NOT EXISTS "auth_permission" ("id" integer NOT NULL PRIMARY KEY AUTOINCREMENT, "content_type_id" integer NOT NULL REFERENCES "django_content_type" ("id") DEFERRABLE INITIALLY DEFERRED, "codename" varchar(100) NOT NULL, "name" varchar(255) NOT NULL);
INSERT INTO auth_permission VALUES(1,1,'add_logentry','Can add log entry');
INSERT INTO auth_permission VALUES(2,1,'change_logentry','Can change log entry');
INSERT INTO auth_permission VALUES(3,1,'delete_logentry','Can delete log entry');
INSERT INTO auth_permission VALUES(4,1,'view_logentry','Can view log entry');
INSERT INTO auth_permission VALUES(5,2,'add_permission','Can add permission');
INSERT INTO auth_permission VALUES(6,2,'change_permission','Can change permission');
INSERT INTO auth_permission VALUES(7,2,'delete_permission','Can delete permission');
INSERT INTO auth_permission VALUES(8,2,'view_permission','Can view permission');
INSERT INTO auth_permission VALUES(9,3,'add_group','Can add group');
INSERT INTO auth_permission VALUES(10,3,'change_group','Can change group');
INSERT INTO auth_permission VALUES(11,3,'delete_group','Can delete group');
INSERT INTO auth_permission VALUES(12,3,'view_group','Can view group');
INSERT INTO auth_permission VALUES(13,4,'add_user','Can add user');
INSERT INTO auth_permission VALUES(14,4,'change_user','Can change user');
INSERT INTO auth_permission VALUES(15,4,'delete_user','Can delete user');
INSERT INTO auth_permission VALUES(16,4,'view_user','Can view user');
INSERT INTO auth_permission VALUES(17,5,'add_contenttype','Can add content type');
INSERT INTO auth_permission VALUES(18,5,'change_contenttype','Can change content type');
INSERT INTO auth_permission VALUES(19,5,'delete_contenttype','Can delete content type');
INSERT INTO auth_permission VALUES(20,5,'view_contenttype','Can view content type');
INSERT INTO auth_permission VALUES(21,6,'add_session','Can add session');
INSERT INTO auth_permission VALUES(22,6,'change_session','Can change session');
INSERT INTO auth_permission VALUES(23,6,'delete_session','Can delete session');
INSERT INTO auth_permission VALUES(24,6,'view_session','Can view session');
INSERT INTO auth_permission VALUES(25,7,'add_events','Can add events');
INSERT INTO auth_permission VALUES(26,7,'change_events','Can change events');
INSERT INTO auth_permission VALUES(27,7,'delete_events','Can delete events');
INSERT INTO auth_permission VALUES(28,7,'view_events','Can view events');
INSERT INTO auth_permission VALUES(29,8,'add_events','Can add events');
INSERT INTO auth_permission VALUES(30,8,'change_events','Can change events');
INSERT INTO auth_permission VALUES(31,8,'delete_events','Can delete events');
INSERT INTO auth_permission VALUES(32,8,'view_events','Can view events');
CREATE TABLE IF NOT EXISTS "auth_group" ("id" integer NOT NULL PRIMARY KEY AUTOINCREMENT, "name" varchar(150) NOT NULL UNIQUE);
CREATE TABLE IF NOT EXISTS "auth_user" ("id" integer NOT NULL PRIMARY KEY AUTOINCREMENT, "password" varchar(128) NOT NULL, "last_login" datetime NULL, "is_superuser" bool NOT NULL, "username" varchar(150) NOT NULL UNIQUE, "last_name" varchar(150) NOT NULL, "email" varchar(254) NOT NULL, "is_staff" bool NOT NULL, "is_active" bool NOT NULL, "date_joined" datetime NOT NULL, "first_name" varchar(150) NOT NULL);
CREATE TABLE IF NOT EXISTS "django_session" ("session_key" varchar(40) NOT NULL PRIMARY KEY, "session_data" text NOT NULL, "expire_date" datetime NOT NULL);
CREATE TABLE IF NOT EXISTS "dashboard_events" ("id" integer NOT NULL PRIMARY KEY AUTOINCREMENT, "eventname" varchar(200) NOT NULL UNIQUE, "organization" varchar(200) NOT NULL, "link" varchar(2083) NOT NULL, "datetime" varchar(200) NULL, "location" varchar(200) NULL, "lat" real NULL, "lng" real NULL);
INSERT INTO dashboard_events VALUES(1,'Pompano Beach House Beach Cleanup','Surfrider Broward','https://volunteer.surfrider.org/opportunities/zXtwM5p7RE','Sat, Aug 12, 2023: 12:00PM-4:00PM GMT','Pompano Beach, FL',26.237859700000001339,-80.124766699999998564);
INSERT INTO dashboard_events VALUES(2,'North Topsail Beach Cleanup-Onslow County Beach Access #2','Surfrider Cape Fear','https://volunteer.surfrider.org/opportunities/8gJvYApb57','Sat, Aug 12, 2023: 1:00PM-2:00PM GMT','North Topsail Beach, NC',34.490166499999999061,-77.43163000000000018);
INSERT INTO dashboard_events VALUES(3,'Old Womans Creek frogbit cleanup','Surfrider Northern Ohio','https://volunteer.surfrider.org/opportunities/6XrufHnG9Z','Sat, Aug 12, 2023: 2:00PM-4:00PM GMT (+ 1 more)','Huron, OH',41.395048899999995484,-82.555173299999999869);
INSERT INTO dashboard_events VALUES(4,'Ripcurl x Surfrider Beach Cleanup NSB','Surfrider Volusia/Flagler','https://volunteer.surfrider.org/opportunities/nuv9HFFhxL','Sat, Aug 12, 2023: 2:00PM-4:50PM GMT','New Smyrna Beach, FL',29.02581909999999965,-80.926998399999998667);
INSERT INTO dashboard_events VALUES(5,'Belmar/Maclearie Park Cleanup & Yoga - Jersey Shore Chapter','Surfrider Jersey Shore','https://volunteer.surfrider.org/opportunities/oYQvk6OrJa','Sat, Aug 12, 2023: 2:00PM-4:00PM GMT','Belmar, NJ',40.193806799999993728,-74.098777499999997075);
INSERT INTO dashboard_events VALUES(6,'Beach Cleanup Party and Surf Safari','Surfrider Maine','https://volunteer.surfrider.org/opportunities/uYLVfNNxS3','Sat, Aug 12, 2023: 2:30PM-7:00PM GMT','Scarborough, ME',43.590197399999999205,-70.334492099999987857);
INSERT INTO dashboard_events VALUES(7,'Surfrider North OC - Beach Cleanup - Balboa Pier - 08.12.23','Surfrider North Orange County','https://volunteer.surfrider.org/opportunities/H9YUmAeScR','Sat, Aug 12, 2023: 3:00PM-7:00PM GMT','Newport Beach, CA',33.618882900000004454,-117.92984930000001142);
INSERT INTO dashboard_events VALUES(8,'Monthly Respect the Rincon Parkway Beach Clean Up','Surfrider Ventura County','https://volunteer.surfrider.org/opportunities/ydoRlt1Pby','Sat, Aug 12, 2023: 3:30PM-5:30PM GMT (+ 9 more)','',NULL,NULL);
INSERT INTO dashboard_events VALUES(9,'August 12, 2023 Beach Cleanup at Sunrise Beach, Gig Harbor','Surfrider South Sound','https://volunteer.surfrider.org/opportunities/2OMvEZNaRS','Sat, Aug 12, 2023: 5:00PM-7:00PM GMT','Gig Harbor, WA',47.329263999999984235,-122.58012929999999585);
INSERT INTO dashboard_events VALUES(10,'Marin Chapter - Volunteer Beach Cleanup - Stinson Beach','Surfrider Marin','https://volunteer.surfrider.org/opportunities/eu4J6HGAJE','Sat, Aug 12, 2023: 6:30PM-9:00PM GMT','Stinson Beach, CA',37.900481599999999993,-122.644426300000009);
INSERT INTO dashboard_events VALUES(11,'Beach Cleanup','Surfrider Oʻahu','https://volunteer.surfrider.org/opportunities/PrDgapwuI2','Sat, Aug 12, 2023: 8:00PM-10:00PM GMT','Kailua, HI',19.641912900000001229,-155.99622550000001197);
INSERT INTO dashboard_events VALUES(12,'Beach Cleanup with Surfrider NH chapter','Surfrider New Hampshire','https://volunteer.surfrider.org/opportunities/ElRpL0ripm','Sun, Aug 13, 2023: 12:00PM-2:00PM GMT','Hampton, NH',42.937593199999986026,-70.838921900000020315);
INSERT INTO dashboard_events VALUES(13,'Surfrider at Farragut Farmers Market','Surfrider Annapolis','https://volunteer.surfrider.org/opportunities/cVFcfl1Dsn','Sun, Aug 13, 2023: 1:00PM-5:00PM GMT','Annapolis, MD',38.940137800000002243,-76.906637899999994445);
INSERT INTO dashboard_events VALUES(14,'Mangroves and Mimosas Paddle Cleanup','Surfrider Florida Keys','https://volunteer.surfrider.org/opportunities/FyUpsyTXir','Sun, Aug 13, 2023: 2:00PM-4:30PM GMT','Tavernier, FL',25.011518599999997825,-80.515060800000011198);
INSERT INTO dashboard_events VALUES(15,'Chapter Reorganizing Meetup','Surfrider Northern Michigan','https://volunteer.surfrider.org/opportunities/eM1NuvHumi','Sun, Aug 13, 2023: 10:30PM-12:00AM GMT','Traverse City, MI',44.763056700000003473,-85.620631699999982799);
INSERT INTO dashboard_events VALUES(16,'Oceanside "Sunset Strike Team" Cleanup Series','Surfrider San Diego','https://volunteer.surfrider.org/opportunities/eQU9FdnIlX','Mon, Aug 14, 2023: 1:30AM-3:00AM GMT (+ 2 more)','Oceanside, CA',33.195869600000000865,-117.37948339999999536);
INSERT INTO dashboard_events VALUES(17,'Plastics Committee Meeting (Virtual)','Surfrider Eastern Long Island','https://volunteer.surfrider.org/opportunities/V1N14uYgXE','Mon, Aug 14, 2023: 10:00PM-11:00PM GMT','',NULL,NULL);
INSERT INTO dashboard_events VALUES(18,'Clean Border Water Now Monthly Program Meeting','Surfrider San Diego','https://volunteer.surfrider.org/opportunities/Wpd8RiFNgu','Tue, Aug 15, 2023: 1:00AM-2:00AM GMT (+ 4 more)','',NULL,NULL);
INSERT INTO dashboard_events VALUES(19,'Surfrider Foundation Volusia Flagler Meeting','Surfrider Volusia/Flagler','https://volunteer.surfrider.org/opportunities/ZV9IDcawfp','Tue, Aug 15, 2023: 11:30PM-12:30AM GMT (+ 5 more)','',NULL,NULL);
INSERT INTO dashboard_events VALUES(20,'Rise Above Plastics Program Meeting','Surfrider San Diego','https://volunteer.surfrider.org/opportunities/PCFqIFBv5z','Wed, Aug 16, 2023: 1:00AM-2:30AM GMT (+ 4 more)','',NULL,NULL);
INSERT INTO dashboard_events VALUES(21,'South Waterfront Cigarette Butt Cleanup','Surfrider Portland Oregon','https://volunteer.surfrider.org/opportunities/RLGbpBRq6Q','Wed, Aug 16, 2023: 1:30AM-3:00AM GMT','Portland, OR',45.515232000000001022,-122.67838529999999241);
INSERT INTO dashboard_events VALUES(22,'Surfrider August Chapter Meeting','Surfrider Seattle','https://volunteer.surfrider.org/opportunities/R4lqQCQxqO','Wed, Aug 16, 2023: 1:30AM-3:00AM GMT','Seattle, WA',47.606209499999998513,-122.33207079999999233);
INSERT INTO dashboard_events VALUES(23,'SFVA Ocean Friendly Garden','Surfrider Foundation Virginia Chapter','https://volunteer.surfrider.org/opportunities/Av35HT81IO','Wed, Aug 16, 2023: 9:30PM-10:30PM GMT (+ 7 more)','Virginia Beach, VA',36.85164369999999856,-75.979219399999990969);
INSERT INTO dashboard_events VALUES(24,'August General Chapter Meeting','Surfrider Space Coast','https://volunteer.surfrider.org/opportunities/oREDUO8Pcw','Wed, Aug 16, 2023: 10:30PM-12:00AM GMT','Cocoa Beach, FL',28.320006700000002197,-80.607551300000004346);
INSERT INTO dashboard_events VALUES(25,'Core Volunteer Orientation','Surfrider San Diego','https://volunteer.surfrider.org/opportunities/c9VFBevQz5','Thu, Aug 17, 2023: 1:00AM-2:00AM GMT (+ 1 more)','',NULL,NULL);
DELETE FROM sqlite_sequence;
INSERT INTO sqlite_sequence VALUES('django_migrations',26);
INSERT INTO sqlite_sequence VALUES('django_admin_log',0);
INSERT INTO sqlite_sequence VALUES('django_content_type',8);
INSERT INTO sqlite_sequence VALUES('auth_permission',32);
INSERT INTO sqlite_sequence VALUES('auth_group',0);
INSERT INTO sqlite_sequence VALUES('auth_user',0);
INSERT INTO sqlite_sequence VALUES('dashboard_events',25);
CREATE UNIQUE INDEX "auth_group_permissions_group_id_permission_id_0cd325b0_uniq" ON "auth_group_permissions" ("group_id", "permission_id");
CREATE INDEX "auth_group_permissions_group_id_b120cbf9" ON "auth_group_permissions" ("group_id");
CREATE INDEX "auth_group_permissions_permission_id_84c5c92e" ON "auth_group_permissions" ("permission_id");
CREATE UNIQUE INDEX "auth_user_groups_user_id_group_id_94350c0c_uniq" ON "auth_user_groups" ("user_id", "group_id");
CREATE INDEX "auth_user_groups_user_id_6a12ed8b" ON "auth_user_groups" ("user_id");
CREATE INDEX "auth_user_groups_group_id_97559544" ON "auth_user_groups" ("group_id");
CREATE UNIQUE INDEX "auth_user_user_permissions_user_id_permission_id_14a6b632_uniq" ON "auth_user_user_permissions" ("user_id", "permission_id");
CREATE INDEX "auth_user_user_permissions_user_id_a95ead1b" ON "auth_user_user_permissions" ("user_id");
CREATE INDEX "auth_user_user_permissions_permission_id_1fbb5f2c" ON "auth_user_user_permissions" ("permission_id");
CREATE INDEX "django_admin_log_content_type_id_c4bce8eb" ON "django_admin_log" ("content_type_id");
CREATE INDEX "django_admin_log_user_id_c564eba6" ON "django_admin_log" ("user_id");
CREATE UNIQUE INDEX "django_content_type_app_label_model_76bd3d3b_uniq" ON "django_content_type" ("app_label", "model");
CREATE UNIQUE INDEX "auth_permission_content_type_id_codename_01ab375a_uniq" ON "auth_permission" ("content_type_id", "codename");
CREATE INDEX "auth_permission_content_type_id_2f476e4b" ON "auth_permission" ("content_type_id");
CREATE INDEX "django_session_expire_date_a5c62663" ON "django_session" ("expire_date");
COMMIT;
